{
  "logistic": {
    "accuracy": 0.848644578313253,
    "precision": 0.728744939271255,
    "recall": 0.8430913348946136,
    "f1": 0.7817589576547231,
    "auc": 0.9072784078060546
  },
  "decision_tree": {
    "accuracy": 0.8516566265060241,
    "precision": 0.7327935222672065,
    "recall": 0.8477751756440282,
    "f1": 0.7861020629750272,
    "auc": 0.8961432392319749
  },
  "random_forest": {
    "accuracy": 0.8606927710843374,
    "precision": 0.7641921397379913,
    "recall": 0.819672131147541,
    "f1": 0.7909604519774012,
    "auc": 0.9157844393556991
  },
  "lightgbm": {
    "accuracy": 0.8554216867469879,
    "precision": 0.7453027139874739,
    "recall": 0.8360655737704918,
    "f1": 0.7880794701986755,
    "auc": 0.9206164371099508
  },
  "mlp_keras": {
    "accuracy": 0.8501506024096386,
    "precision": 0.751101321585903,
    "recall": 0.7985948477751756,
    "f1": 0.7741203178206584,
    "auc": 0.9148214188242572
  }
}